{
  "themeName": "my old visuals",
  "wallMaterial": "PURE COLOR",
  "wallRoughness": 0.14939841628074646,
  "wallMetallic": 1,
  "wallFullBright": 0.82143545150756836,
  "wallTint": {
    "x": 0.16202899813652039,
    "y": 0.28744098544120789,
    "z": 0.51491802930831909
  },
  "wallTextureScale": 1,
  "floorMaterial": "GRID 64",
  "floorRoughness": 1,
  "floorMetallic": 1,
  "floorFullBright": 1,
  "floorTint": {
    "x": 0.16202899813652039,
    "y": 0.28744098544120789,
    "z": 0.51491802930831909
  },
  "floorTextureScale": 1,
  "ceilingMaterial": "MARBLE POLISHED",
  "ceilingRoughness": 1,
  "ceilingMetallic": 1,
  "ceilingFullBright": 1,
  "ceilingTint": {
    "x": 0.38642942905426025,
    "y": 0.38642942905426025,
    "z": 0.38642942905426025
  },
  "ceilingTextureScale": 1,
  "rampMaterial": "MARBLE POLISHED",
  "rampRoughness": 1,
  "rampMetallic": 1,
  "rampFullBright": 1,
  "rampTint": {
    "x": 0.4019777774810791,
    "y": 0.4019777774810791,
    "z": 0.4019777774810791
  },
  "rampTextureScale": 0.70999997854232788,
  "overrideEnemyHeadColor": true,
  "overrideEnemyBodyColor": true,
  "setEnemyBodyColorAsAttackColor": false,
  "enemyColorRoughness": 1,
  "enemyColorMetallic": 1,
  "enemyColorFullBright": 1,
  "enemyHeadColor": {
    "x": 1,
    "y": 1,
    "z": 1
  },
  "enemyHeadColorOnHit": {
    "x": 1,
    "y": 1,
    "z": 1
  },
  "enemyHeadColorOnLookAt": {
    "x": 0.46207699179649353,
    "y": 0.79129797220230103,
    "z": 0.012285999953746796
  },
  "enemyBodyColor": {
    "x": 0.90104198455810547,
    "y": 0.012354999780654907,
    "z": 0.012354999780654907
  },
  "enemyBodyColorOnHit": {
    "x": 1,
    "y": 1,
    "z": 1
  },
  "enemyBodyColorOnLookAt": {
    "x": 0.46207699179649353,
    "y": 0.79129797220230103,
    "z": 0.012285999953746796
  },
  "changeEnemyColorOnHit": false,
  "changeEnemyColorOnLookAt": false,
  "teamGlowUpHead": 1,
  "teamGlowUpBody": 1,
  "enemyGlowUpHead": 1,
  "enemyGlowUpBody": 1,
  "enemyGlowUpHeadOnHit": 1,
  "enemyGlowUpBodyOnHit": 1,
  "enemyGlowUpHeadOnLookAt": 1,
  "enemyGlowUpBodyOnLookAt": 1,
  "skyPresetId": 0,
  "cloudCoverId": 0,
  "solidSkyColor": false,
  "sunVisible": false,
  "skyColor": {
    "b": 127,
    "g": 127,
    "r": 168,
    "a": 255
  }
}
